,Tioga GOM,2017-07-16 23:41:33,2017-07-22 21:39:01
,ifcbfile,latitude,longitude
0,D20170717T151212_IFCB009.hdr,42.10938947368421,-70.2230052631579
1,D20170717T151927_IFCB009.hdr,42.13769,-70.19085
2,D20170717T152614_IFCB009.hdr,42.16373636363637,-70.16216818181817
3,D20170717T153226_IFCB009.hdr,42.1871,-70.1365
4,D20170717T153838_IFCB009.hdr,42.21071428571428,-70.11045714285714
5,D20170717T154450_IFCB009.hdr,42.23439047619048,-70.08375714285714
6,D20170717T155101_IFCB009.hdr,42.259425,-70.05836000000001
7,D20170717T155713_IFCB009.hdr,42.284694736842106,-70.03210526315789
8,D20170717T160325_IFCB009.hdr,42.309466666666665,-70.00543333333333
9,D20170717T160937_IFCB009.hdr,42.3338619047619,-69.97883333333333
10,D20170717T161549_IFCB009.hdr,42.35737,-69.95175
11,D20170717T162201_IFCB009.hdr,42.38126,-69.92452
12,D20170717T162813_IFCB009.hdr,42.40540909090909,-69.89711818181819
13,D20170717T163425_IFCB009.hdr,42.42937,-69.86846
14,D20170717T164036_IFCB009.hdr,42.45311904761905,-69.8400380952381
15,D20170717T164648_IFCB009.hdr,42.47763,-69.81307
16,D20170717T165300_IFCB009.hdr,42.502236363636364,-69.78736818181818
17,D20170717T165911_IFCB009.hdr,42.52688,-69.761275
18,D20170717T170523_IFCB009.hdr,42.55031052631579,-69.73295789473684
19,D20170717T171135_IFCB009.hdr,42.57436,-69.70562
20,D20170717T171746_IFCB009.hdr,42.59928,-69.6799
21,D20170717T172358_IFCB009.hdr,42.622723809523805,-69.65245714285714
22,D20170717T173010_IFCB009.hdr,42.6458,-69.6241
23,D20170717T173621_IFCB009.hdr,42.652150000000006,-69.61760000000001
24,D20170717T174233_IFCB009.hdr,42.652427362204726,-69.61730216535433
25,D20170717T174844_IFCB009.hdr,42.65377493796526,-69.61758436724566
26,D20170717T175456_IFCB009.hdr,42.65524953488372,-69.61782930232557
27,D20170717T180108_IFCB009.hdr,42.656859,-69.618154
28,D20170717T180719_IFCB009.hdr,42.65877182320442,-69.61842596685084
29,D20170717T181331_IFCB009.hdr,42.66055527950311,-69.6186
30,D20170717T181943_IFCB009.hdr,42.65284074702886,-69.61741782682513
31,D20170717T182554_IFCB009.hdr,42.65384855687606,-69.61785874363328
32,D20170717T183206_IFCB009.hdr,42.6550514739229,-69.6182149659864
33,D20170717T183818_IFCB009.hdr,42.656666666666666,-69.6184
34,D20170717T184429_IFCB009.hdr,42.66166923076923,-69.61598461538462
35,D20170717T185041_IFCB009.hdr,42.676500000000004,-69.60409999999999
36,D20170717T185653_IFCB009.hdr,42.70198421052631,-69.58167894736842
37,D20170717T190304_IFCB009.hdr,42.72768,-69.55779
38,D20170717T190916_IFCB009.hdr,42.75310526315789,-69.5330947368421
39,D20170717T191528_IFCB009.hdr,42.7786,-69.5082
40,D20170717T192139_IFCB009.hdr,42.804522727272726,-69.48511363636364
41,D20170717T192751_IFCB009.hdr,42.830650000000006,-69.46205
42,D20170717T193403_IFCB009.hdr,42.85763636363637,-69.44139090909091
43,D20170717T194014_IFCB009.hdr,42.883160869565216,-69.41877391304348
44,D20170717T194626_IFCB009.hdr,42.90788,-69.39422
45,D20170717T195238_IFCB009.hdr,42.932990909090904,-69.36986363636363
46,D20170717T195849_IFCB009.hdr,42.95915909090909,-69.34767272727272
47,D20170717T200501_IFCB009.hdr,42.98473181818182,-69.32496363636363
48,D20170717T201113_IFCB009.hdr,43.0104,-69.3036
49,D20170717T201724_IFCB009.hdr,43.03593636363637,-69.28166363636363
50,D20170717T202336_IFCB009.hdr,43.06129545454546,-69.25939090909091
51,D20170717T202948_IFCB009.hdr,43.08683181818182,-69.23656363636364
52,D20170717T203559_IFCB009.hdr,43.11180454545455,-69.21279545454544
53,D20170717T204211_IFCB009.hdr,43.13643636363636,-69.18800909090909
54,D20170717T204823_IFCB009.hdr,43.162069565217394,-69.16424347826087
55,D20170717T205434_IFCB009.hdr,43.18767,-69.140985
56,D20170717T210046_IFCB009.hdr,43.213699999999996,-69.11746000000001
57,D20170717T210658_IFCB009.hdr,43.2407,-69.09609999999999
58,D20170717T211310_IFCB009.hdr,43.267152631578945,-69.07303684210527
59,D20170717T211921_IFCB009.hdr,43.292594736842105,-69.04752631578947
60,D20170717T212533_IFCB009.hdr,43.31823157894737,-69.02184210526316
61,D20170717T213145_IFCB009.hdr,43.34347368421053,-68.99602631578948
62,D20170717T213757_IFCB009.hdr,43.369569999999996,-68.97224
63,D20170717T214409_IFCB009.hdr,43.39569090909091,-68.9498
64,D20170717T215020_IFCB009.hdr,43.421645454545455,-68.9277909090909
65,D20170717T215632_IFCB009.hdr,43.44745454545455,-68.90577272727272
66,D20170717T220244_IFCB009.hdr,43.47333913043478,-68.8834652173913
67,D20170717T220856_IFCB009.hdr,43.49855714285714,-68.85964285714286
68,D20170717T221508_IFCB009.hdr,43.52344545454545,-68.8353909090909
69,D20170717T222119_IFCB009.hdr,43.548375,-68.81094999999999
70,D20170717T222731_IFCB009.hdr,43.57380952380952,-68.78710476190476
71,D20170717T223343_IFCB009.hdr,43.59983181818182,-68.76405909090909
72,D20170717T223955_IFCB009.hdr,43.62530454545455,-68.7414090909091
73,D20170717T224606_IFCB009.hdr,43.65098571428572,-68.71957142857143
74,D20170717T225218_IFCB009.hdr,43.67649090909091,-68.69608181818182
75,D20170717T225830_IFCB009.hdr,43.70087391304348,-68.67125652173914
76,D20170717T230442_IFCB009.hdr,43.7259,-68.647
77,D20170717T231054_IFCB009.hdr,43.75143043478261,-68.62437826086956
78,D20170717T231705_IFCB009.hdr,43.776785714285715,-68.60175238095239
79,D20170717T232317_IFCB009.hdr,43.80231578947368,-68.57954736842106
80,D20170717T232929_IFCB009.hdr,43.82787727272727,-68.55788636363637
81,D20170717T233541_IFCB009.hdr,43.853056521739134,-68.53437391304348
82,D20170717T234153_IFCB009.hdr,43.878045,-68.50982499999999
83,D20170717T234805_IFCB009.hdr,43.90317,-68.48553000000001
84,D20170717T235417_IFCB009.hdr,43.92847727272727,-68.46155454545455
85,D20170718T000029_IFCB009.hdr,43.95381428571429,-68.43778571428571
86,D20170718T000641_IFCB009.hdr,43.97979090909091,-68.41501363636362
87,D20170718T001253_IFCB009.hdr,43.98783534461862,-68.40889934954751
88,D20170718T001905_IFCB009.hdr,43.99000028482546,-68.40823656674209
89,D20170718T002516_IFCB009.hdr,43.992159405300576,-68.40757556561087
90,D20170718T003128_IFCB009.hdr,43.99432434550743,-68.40691278280543
91,D20170718T005328_IFCB009.hdr,44.00200639140271,-68.40456097285069
92,D20170718T010622_IFCB009.hdr,44.00651086376858,-68.40318195701359
93,D20170718T135842_IFCB009.hdr,44.273808719052745,-68.32074381054898
94,D20170718T140803_IFCB009.hdr,44.27296329386437,-68.31995877287406
95,D20170718T141415_IFCB009.hdr,44.273439583333335,-68.30681041666666
96,D20170718T142028_IFCB009.hdr,44.265615,-68.29017999999999
97,D20170718T142639_IFCB009.hdr,44.254616981132074,-68.2835245283019
98,D20170718T143251_IFCB009.hdr,44.24137291666666,-68.2822
99,D20170718T143903_IFCB009.hdr,44.228041025641026,-68.28828717948718
100,D20170718T144515_IFCB009.hdr,44.21255,-68.28828235294118
101,D20170718T145127_IFCB009.hdr,44.19555833333334,-68.28596666666667
102,D20170718T145739_IFCB009.hdr,44.17823333333334,-68.28413333333334
103,D20170718T150351_IFCB009.hdr,44.16038490566037,-68.2832
104,D20170718T151003_IFCB009.hdr,44.15946798029557,-68.28438226600986
105,D20170718T151614_IFCB009.hdr,44.157798666666665,-68.284956
106,D20170718T152226_IFCB009.hdr,44.146306060606065,-68.27291515151515
107,D20170718T152838_IFCB009.hdr,44.1300875,-68.2559875
108,D20170718T153450_IFCB009.hdr,44.116047058823526,-68.24314705882354
109,D20170718T154316_IFCB009.hdr,44.0953,-68.2211
110,D20170718T155035_IFCB009.hdr,44.0760294117647,-68.20309411764705
111,D20170718T155647_IFCB009.hdr,44.06829246861924,-68.19691631799164
112,D20170718T160259_IFCB009.hdr,44.06740543259558,-68.19820020120724
113,D20170718T160911_IFCB009.hdr,44.06574693877551,-68.1991775510204
114,D20170718T161523_IFCB009.hdr,44.052237500000004,-68.18512187500001
115,D20170718T162135_IFCB009.hdr,44.035940000000004,-68.16674
116,D20170718T162747_IFCB009.hdr,44.01859230769231,-68.14779230769231
117,D20170718T163359_IFCB009.hdr,43.998968000000005,-68.12708
118,D20170718T164010_IFCB009.hdr,43.98342723880597,-68.10814664179104
119,D20170718T164622_IFCB009.hdr,43.982733208955224,-68.10763768656716
120,D20170718T165234_IFCB009.hdr,43.982039179104476,-68.10712873134328
121,D20170718T165846_IFCB009.hdr,43.96618620689655,-68.09188965517241
122,D20170718T170458_IFCB009.hdr,43.94902222222222,-68.07128148148149
123,D20170718T171109_IFCB009.hdr,43.93025,-68.0473
124,D20170718T171721_IFCB009.hdr,43.90950384615385,-68.02491923076923
125,D20170718T172333_IFCB009.hdr,43.889096875,-68.02153125
126,D20170718T172945_IFCB009.hdr,43.890545967741936,-68.0224306451613
127,D20170718T173557_IFCB009.hdr,43.891591255289136,-68.02269308885755
128,D20170718T174209_IFCB009.hdr,43.892483215796894,-68.02279802538787
129,D20170718T174821_IFCB009.hdr,43.89115379061372,-68.02253366425992
130,D20170718T175433_IFCB009.hdr,43.891690974729244,-68.02243294223827
131,D20170718T180045_IFCB009.hdr,43.892228158844766,-68.02233222021661
132,D20170718T180657_IFCB009.hdr,43.88963181818182,-68.01924545454546
133,D20170718T181309_IFCB009.hdr,43.865863636363635,-67.99436363636363
134,D20170718T181921_IFCB009.hdr,43.84150454545454,-67.9702909090909
135,D20170718T182533_IFCB009.hdr,43.81674090909091,-67.94691818181818
136,D20170718T183144_IFCB009.hdr,43.803447193877545,-67.93091454081632
137,D20170718T183756_IFCB009.hdr,43.80425382653061,-67.93096198979592
138,D20170718T184408_IFCB009.hdr,43.80430202020202,-67.93066363636363
139,D20170718T185020_IFCB009.hdr,43.78639090909091,-67.91461818181818
140,D20170718T185631_IFCB009.hdr,43.76145714285715,-67.89096666666666
141,D20170718T190243_IFCB009.hdr,43.736331818181824,-67.86783636363637
142,D20170718T190855_IFCB009.hdr,43.713726566757494,-67.84507874659401
143,D20170718T191507_IFCB009.hdr,43.71448678474115,-67.84447057220709
144,D20170718T192118_IFCB009.hdr,43.71529894179894,-67.84390582010582
145,D20170718T192730_IFCB009.hdr,43.71696066350711,-67.84400379146919
146,D20170718T193342_IFCB009.hdr,43.71837109004739,-67.84409194312796
147,D20170718T193954_IFCB009.hdr,43.71978834080717,-67.84425156950672
148,D20170718T194606_IFCB009.hdr,43.72108368200837,-67.84463138075314
149,D20170718T195218_IFCB009.hdr,43.72244,-67.84518
150,D20170718T195830_IFCB009.hdr,43.724099029126215,-67.84594951456312
151,D20170718T200441_IFCB009.hdr,43.72597888198758,-67.84676708074534
152,D20170718T201053_IFCB009.hdr,43.72745913043478,-67.84716108695652
153,D20170718T201705_IFCB009.hdr,43.72889664948454,-67.84738195876288
154,D20170718T202317_IFCB009.hdr,43.730442180094784,-67.84760165876777
155,D20170718T202929_IFCB009.hdr,43.73182530864197,-67.84783827160494
156,D20170718T203540_IFCB009.hdr,43.73312304526748,-67.84799094650205
157,D20170718T204152_IFCB009.hdr,43.734245816733065,-67.84883665338646
158,D20170718T204804_IFCB009.hdr,43.735482222222224,-67.84934666666666
159,D20170718T205416_IFCB009.hdr,43.736801176470586,-67.84990094117647
160,D20170718T210027_IFCB009.hdr,43.74159062499999,-67.85417187499999
161,D20170718T210639_IFCB009.hdr,43.76159166666667,-67.87179166666667
162,D20170718T211251_IFCB009.hdr,43.784662499999996,-67.89285833333332
163,D20170718T211903_IFCB009.hdr,43.80816363636364,-67.91447272727272
164,D20170718T212514_IFCB009.hdr,43.83226666666667,-67.9368
165,D20170718T213126_IFCB009.hdr,43.85723636363637,-67.9554
166,D20170718T213738_IFCB009.hdr,43.86638464285714,-67.9608932142857
167,D20170718T214350_IFCB009.hdr,43.875962068965514,-67.94441379310345
168,D20170718T215001_IFCB009.hdr,43.89573333333333,-67.9259625
169,D20170718T215613_IFCB009.hdr,43.9204125,-67.92009166666666
170,D20170718T220225_IFCB009.hdr,43.94245714285714,-67.94424285714285
171,D20170718T220837_IFCB009.hdr,43.964609090909086,-67.96959545454546
172,D20170718T221449_IFCB009.hdr,43.98716363636364,-67.99572727272727
173,D20170718T222100_IFCB009.hdr,44.00920909090909,-68.02211818181819
174,D20170718T222712_IFCB009.hdr,44.03179090909091,-68.04748181818182
175,D20170718T223324_IFCB009.hdr,44.05351304347826,-68.07343043478261
176,D20170718T223936_IFCB009.hdr,44.074028,-68.09667999999999
177,D20170718T224548_IFCB009.hdr,44.094966666666664,-68.1189
178,D20170718T225200_IFCB009.hdr,44.114958620689656,-68.14205862068967
179,D20170718T225812_IFCB009.hdr,44.118424062095734,-68.14579391979302
180,D20170718T230423_IFCB009.hdr,44.11895200517465,-68.14665782664942
181,D20170718T231035_IFCB009.hdr,44.1222625,-68.153071875
182,D20170718T231647_IFCB009.hdr,44.13773793103448,-68.17346206896552
183,D20170718T232259_IFCB009.hdr,44.152858620689656,-68.1951448275862
184,D20170718T232911_IFCB009.hdr,44.1695,-68.21738333333333
185,D20170718T233523_IFCB009.hdr,44.18690769230769,-68.24087692307693
186,D20170718T234135_IFCB009.hdr,44.20475,-68.26364615384615
187,D20170718T234746_IFCB009.hdr,44.221325,-68.2843125
188,D20170718T235358_IFCB009.hdr,44.23746818181818,-68.28438181818181
189,D20170719T000010_IFCB009.hdr,44.25293611111111,-68.28452777777777
190,D20170719T000622_IFCB009.hdr,44.269161764705885,-68.29424411764705
191,D20170719T001135_IFCB009.hdr,44.27354285714286,-68.31137142857143
192,D20170719T002258_IFCB009.hdr,44.27298483448451,-68.3192830164707
193,D20170719T120433_IFCB009.hdr,44.27172069116866,-68.30119604287464
194,D20170719T121413_IFCB009.hdr,44.27170327334889,-68.3009468340687
195,D20170719T122025_IFCB009.hdr,44.26458,-68.29028
196,D20170719T122637_IFCB009.hdr,44.26323,-68.28356
197,D20170719T123249_IFCB009.hdr,44.26481052631579,-68.26524210526316
198,D20170719T123901_IFCB009.hdr,44.267715,-68.24671000000001
199,D20170719T124513_IFCB009.hdr,44.27496666666667,-68.2252
200,D20170719T125125_IFCB009.hdr,44.28123333333333,-68.20193888888889
201,D20170719T125737_IFCB009.hdr,44.28696666666667,-68.17767777777779
202,D20170719T130349_IFCB009.hdr,44.292633333333335,-68.1532888888889
203,D20170719T131001_IFCB009.hdr,44.299275,-68.1292125
204,D20170719T131613_IFCB009.hdr,44.30590769230769,-68.09810769230769
205,D20170719T132225_IFCB009.hdr,44.3107923076923,-68.06589230769231
206,D20170719T132836_IFCB009.hdr,44.309706451612904,-68.03921612903225
207,D20170719T133448_IFCB009.hdr,44.30243793103448,-68.01256206896552
208,D20170719T134100_IFCB009.hdr,44.3003549325763,-68.00703910574876
209,D20170719T134712_IFCB009.hdr,44.29990610361959,-68.00695990063875
210,D20170719T135324_IFCB009.hdr,44.29945727466288,-68.00688069552874
211,D20170719T135936_IFCB009.hdr,44.29900844570617,-68.00680149041874
212,D20170719T140547_IFCB009.hdr,44.29925633802817,-68.00474929577464
213,D20170719T141159_IFCB009.hdr,44.30618,-67.98438
214,D20170719T141811_IFCB009.hdr,44.31551379310345,-67.96071379310345
215,D20170719T142424_IFCB009.hdr,44.324189999999994,-67.93278
216,D20170719T143035_IFCB009.hdr,44.33393448275862,-67.90563793103448
217,D20170719T143647_IFCB009.hdr,44.34442758620689,-67.87913793103448
218,D20170719T144259_IFCB009.hdr,44.35399655172414,-67.85289655172414
219,D20170719T144911_IFCB009.hdr,44.36175555555556,-67.82796666666667
220,D20170719T145523_IFCB009.hdr,44.3706125,-67.8038875
221,D20170719T150134_IFCB009.hdr,44.378077777777776,-67.78270833333333
222,D20170719T150746_IFCB009.hdr,44.38621111111111,-67.75960833333333
223,D20170719T151358_IFCB009.hdr,44.394240625,-67.735209375
224,D20170719T152010_IFCB009.hdr,44.403075,-67.71071875
225,D20170719T152622_IFCB009.hdr,44.41244,-67.68627
226,D20170719T153234_IFCB009.hdr,44.41759252336449,-67.67025981308412
227,D20170719T153845_IFCB009.hdr,44.416313580246914,-67.67125679012346
228,D20170719T154457_IFCB009.hdr,44.40562702702702,-67.6596891891892
229,D20170719T155109_IFCB009.hdr,44.393173684210524,-67.64366315789474
230,D20170719T155721_IFCB009.hdr,44.38104871794872,-67.62781282051282
231,D20170719T160332_IFCB009.hdr,44.3684,-67.6119
232,D20170719T160944_IFCB009.hdr,44.356319444444445,-67.59476388888889
233,D20170719T161556_IFCB009.hdr,44.34372222222222,-67.57734444444445
234,D20170719T162208_IFCB009.hdr,44.33690281690141,-67.56727605633803
235,D20170719T162820_IFCB009.hdr,44.32693448275862,-67.55626551724139
236,D20170719T163432_IFCB009.hdr,44.310231034482754,-67.53436896551725
237,D20170719T164043_IFCB009.hdr,44.29362222222222,-67.51258888888889
238,D20170719T164655_IFCB009.hdr,44.27567777777777,-67.49101111111112
239,D20170719T165307_IFCB009.hdr,44.25802,-67.46892857142858
240,D20170719T165919_IFCB009.hdr,44.25460618556701,-67.46795841924398
241,D20170719T170531_IFCB009.hdr,44.25227586206897,-67.46907931034482
242,D20170719T171143_IFCB009.hdr,44.23590769230769,-67.44877692307692
243,D20170719T171754_IFCB009.hdr,44.21875,-67.42226666666667
244,D20170719T172406_IFCB009.hdr,44.2009,-67.3965
245,D20170719T173018_IFCB009.hdr,44.18265,-67.37201153846155
246,D20170719T173630_IFCB009.hdr,44.17797951070336,-67.367
247,D20170719T174242_IFCB009.hdr,44.186704545454546,-67.37146363636364
248,D20170719T174854_IFCB009.hdr,44.211868181818176,-67.35064545454546
249,D20170719T175505_IFCB009.hdr,44.237428571428566,-67.32976190476191
250,D20170719T180117_IFCB009.hdr,44.263754545454546,-67.31
251,D20170719T180729_IFCB009.hdr,44.290709523809525,-67.28978095238095
252,D20170719T181341_IFCB009.hdr,44.317709523809526,-67.27108095238096
253,D20170719T181953_IFCB009.hdr,44.34510909090909,-67.2516
254,D20170719T182605_IFCB009.hdr,44.372884210526315,-67.23200526315789
255,D20170719T183216_IFCB009.hdr,44.4007,-67.2116
256,D20170719T183828_IFCB009.hdr,44.42584782608696,-67.18707391304348
257,D20170719T184440_IFCB009.hdr,44.448640000000005,-67.15738
258,D20170719T185052_IFCB009.hdr,44.471468421052634,-67.12872105263158
259,D20170719T185704_IFCB009.hdr,44.478051789976135,-67.11816491646778
260,D20170719T190316_IFCB009.hdr,44.48049791666667,-67.11950520833334
261,D20170719T190927_IFCB009.hdr,44.495287999999995,-67.143844
262,D20170719T191539_IFCB009.hdr,44.510979999999996,-67.17082
263,D20170719T192151_IFCB009.hdr,44.52723076923077,-67.19721538461539
264,D20170719T192802_IFCB009.hdr,44.5342725,-67.20731500000001
265,D20170719T193414_IFCB009.hdr,44.5392,-67.215975
266,D20170719T194026_IFCB009.hdr,44.550252173913044,-67.24592608695652
267,D20170719T194638_IFCB009.hdr,44.562599999999996,-67.27905714285714
268,D20170719T195249_IFCB009.hdr,44.56913394833948,-67.2947704797048
269,D20170719T195902_IFCB009.hdr,44.56843537906137,-67.29427220216607
270,D20170719T200514_IFCB009.hdr,44.568905415162455,-67.29390288808665
271,D20170719T201126_IFCB009.hdr,44.56937545126354,-67.29353357400723
272,D20170719T201737_IFCB009.hdr,44.57034782608696,-67.29323043478261
273,D20170719T202349_IFCB009.hdr,44.58271666666667,-67.27541666666666
274,D20170719T203001_IFCB009.hdr,44.5988,-67.24735
275,D20170719T203613_IFCB009.hdr,44.6161,-67.2186
276,D20170719T204225_IFCB009.hdr,44.63326363636364,-67.18918181818182
277,D20170719T204836_IFCB009.hdr,44.65280909090909,-67.15972727272728
278,D20170719T205448_IFCB009.hdr,44.67284,-67.1323
279,D20170719T210100_IFCB009.hdr,44.691884,-67.105124
280,D20170719T210712_IFCB009.hdr,44.710573913043476,-67.07729565217392
281,D20170719T211324_IFCB009.hdr,44.728475,-67.048625
282,D20170719T211936_IFCB009.hdr,44.74638695652174,-67.01949565217392
283,D20170719T212547_IFCB009.hdr,44.765970833333334,-66.992525
284,D20170719T213159_IFCB009.hdr,44.780431686615884,-66.98274056583242
285,D20170719T213811_IFCB009.hdr,44.791498585418935,-66.98280533188247
286,D20170719T214423_IFCB009.hdr,44.80256548422198,-66.98287009793253
287,D20170719T215034_IFCB009.hdr,44.81360263329706,-66.98293468988031
288,D20170719T215646_IFCB009.hdr,44.82466953210011,-66.98299945593035
289,D20170719T220258_IFCB009.hdr,44.835736430903154,-66.98306422198041
290,D20170719T220910_IFCB009.hdr,44.846803329706205,-66.98312898803047
291,D20170721T082919_IFCB009.hdr,44.9616,-66.9029
292,D20170721T083609_IFCB009.hdr,44.97303636363637,-66.85946363636363
293,D20170721T091341_IFCB009.hdr,44.9349,-66.75330416666667
294,D20170721T091953_IFCB009.hdr,44.934945341614906,-66.75055590062111
295,D20170721T092605_IFCB009.hdr,44.93505543478261,-66.747675
296,D20170721T093216_IFCB009.hdr,44.92302272727272,-66.74962272727272
297,D20170721T093829_IFCB009.hdr,44.894231818181815,-66.75575909090908
298,D20170721T094441_IFCB009.hdr,44.866115625,-66.761003125
299,D20170721T095053_IFCB009.hdr,44.863595598349384,-66.75997097661623
300,D20170721T095705_IFCB009.hdr,44.863953782668496,-66.75884525447043
301,D20170721T100317_IFCB009.hdr,44.87327272727273,-66.72806363636363
302,D20170721T100929_IFCB009.hdr,44.88859545454546,-66.691
303,D20170721T102046_IFCB009.hdr,44.89241859296482,-66.68117085427136
304,D20170721T102727_IFCB009.hdr,44.88705,-66.6713
305,D20170721T103339_IFCB009.hdr,44.86488571428571,-66.64517142857143
306,D20170721T103951_IFCB009.hdr,44.84618936170213,-66.61615957446809
307,D20170721T104603_IFCB009.hdr,44.845852666666666,-66.61426399999999
308,D20170721T105215_IFCB009.hdr,44.84580306666666,-66.61307359999999
309,D20170721T105827_IFCB009.hdr,44.8277,-66.5851
310,D20170721T110439_IFCB009.hdr,44.80679090909091,-66.55382727272728
311,D20170721T111051_IFCB009.hdr,44.80119436997319,-66.54455737265415
312,D20170721T111704_IFCB009.hdr,44.80139436997319,-66.54340737265416
313,D20170721T112316_IFCB009.hdr,44.79196363636363,-66.52877272727272
314,D20170721T112928_IFCB009.hdr,44.77185,-66.49814545454545
315,D20170721T113540_IFCB009.hdr,44.75467317073171,-66.46838780487805
316,D20170721T114151_IFCB009.hdr,44.75540337662338,-66.46603688311689
317,D20170721T114803_IFCB009.hdr,44.75710447761194,-66.46585970149253
318,D20170721T115415_IFCB009.hdr,44.74193636363636,-66.47173636363635
319,D20170721T120027_IFCB009.hdr,44.7143,-66.48219999999999
320,D20170721T120639_IFCB009.hdr,44.70597783018868,-66.48517625786164
321,D20170721T121251_IFCB009.hdr,44.70685518867924,-66.48453286163522
322,D20170721T121903_IFCB009.hdr,44.70775428571429,-66.4846342857143
323,D20170721T122515_IFCB009.hdr,44.704654302670626,-66.48574213649852
324,D20170721T123127_IFCB009.hdr,44.70501904761905,-66.47317142857143
325,D20170721T123739_IFCB009.hdr,44.70786363636364,-66.42987272727272
326,D20170721T124351_IFCB009.hdr,44.70858669354839,-66.39879475806451
327,D20170721T125003_IFCB009.hdr,44.71016379821958,-66.39695786350148
328,D20170721T125614_IFCB009.hdr,44.71094023668639,-66.39498727810651
329,D20170721T130226_IFCB009.hdr,44.69657272727273,-66.37158181818182
330,D20170721T130838_IFCB009.hdr,44.67742727272727,-66.34244545454546
331,D20170721T131450_IFCB009.hdr,44.67089268292683,-66.33102195121951
332,D20170721T132102_IFCB009.hdr,44.67137166212534,-66.32872670299727
333,D20170721T132713_IFCB009.hdr,44.65923636363636,-66.31039090909091
334,D20170721T133325_IFCB009.hdr,44.63815,-66.27965
335,D20170721T133937_IFCB009.hdr,44.6302,-66.26614574132492
336,D20170721T134549_IFCB009.hdr,44.63114137214137,-66.26497047817048
337,D20170721T135201_IFCB009.hdr,44.622645454545456,-66.25151818181818
338,D20170721T135813_IFCB009.hdr,44.60266818181818,-66.22274545454546
339,D20170721T140425_IFCB009.hdr,44.58128636363636,-66.19415909090908
340,D20170721T141036_IFCB009.hdr,44.57842611637347,-66.19077104194858
341,D20170721T141648_IFCB009.hdr,44.57767104194858,-66.19006630581868
342,D20170721T142300_IFCB009.hdr,44.56026086956521,-66.16190869565217
343,D20170721T142912_IFCB009.hdr,44.542750000000005,-66.12882727272726
344,D20170721T143523_IFCB009.hdr,44.5365,-66.11796666666666
345,D20170721T144135_IFCB009.hdr,44.53601266375546,-66.11904963609898
346,D20170721T144747_IFCB009.hdr,44.52069090909091,-66.14477272727272
347,D20170721T145359_IFCB009.hdr,44.50017272727273,-66.17694545454545
348,D20170721T150010_IFCB009.hdr,44.48057391304348,-66.20905652173913
349,D20170721T150622_IFCB009.hdr,44.46110909090909,-66.24227727272728
350,D20170721T151234_IFCB009.hdr,44.44108571428572,-66.27494761904762
351,D20170721T151846_IFCB009.hdr,44.4213,-66.30757272727273
352,D20170721T152457_IFCB009.hdr,44.40152857142857,-66.34063809523809
353,D20170721T153109_IFCB009.hdr,44.3814,-66.3739
354,D20170721T153721_IFCB009.hdr,44.36126363636364,-66.4058909090909
355,D20170721T154333_IFCB009.hdr,44.34147272727273,-66.43821818181819
356,D20170721T154944_IFCB009.hdr,44.321442857142856,-66.47085714285714
357,D20170721T155556_IFCB009.hdr,44.30062,-66.50305499999999
358,D20170721T160208_IFCB009.hdr,44.278975,-66.534875
359,D20170721T160820_IFCB009.hdr,44.25723333333333,-66.56660000000001
360,D20170721T161431_IFCB009.hdr,44.23477142857143,-66.59855714285715
361,D20170721T162043_IFCB009.hdr,44.21241904761905,-66.6316
362,D20170721T162655_IFCB009.hdr,44.19846315789474,-66.67191578947369
363,D20170721T163306_IFCB009.hdr,44.193644680851065,-66.68766861702127
364,D20170721T163918_IFCB009.hdr,44.190627450980394,-66.68942205882352
365,D20170721T164530_IFCB009.hdr,44.192187499999996,-66.6964375
366,D20170721T165141_IFCB009.hdr,44.2139,-66.7231
367,D20170721T165753_IFCB009.hdr,44.2359,-66.75172727272728
368,D20170721T170405_IFCB009.hdr,44.25469433962264,-66.7792358490566
369,D20170721T171016_IFCB009.hdr,44.2552,-66.78252666666667
370,D20170721T171628_IFCB009.hdr,44.254556388888886,-66.78482277777778
371,D20170721T172240_IFCB009.hdr,44.26086,-66.79748
372,D20170721T172851_IFCB009.hdr,44.28239090909091,-66.82597272727273
373,D20170721T173503_IFCB009.hdr,44.3033,-66.85473333333334
374,D20170721T174115_IFCB009.hdr,44.31225754527163,-66.86898350100604
375,D20170721T174726_IFCB009.hdr,44.312167213114755,-66.87052540983606
376,D20170721T175338_IFCB009.hdr,44.313386885245905,-66.87144016393442
377,D20170721T175950_IFCB009.hdr,44.32983478260869,-66.89665217391304
378,D20170721T180602_IFCB009.hdr,44.35017142857143,-66.9285380952381
379,D20170721T181213_IFCB009.hdr,44.37411818181818,-66.94878181818181
380,D20170721T181825_IFCB009.hdr,44.38190088105727,-66.94650308370045
381,D20170721T182437_IFCB009.hdr,44.38244788732394,-66.94844225352114
382,D20170721T183049_IFCB009.hdr,44.38315816993464,-66.95128758169935
383,D20170721T183700_IFCB009.hdr,44.38450578512396,-66.95387438016529
384,D20170721T184312_IFCB009.hdr,44.399205263157896,-66.98651052631578
385,D20170721T184924_IFCB009.hdr,44.4162,-67.026025
386,D20170721T185535_IFCB009.hdr,44.42262926829268,-67.0387268292683
387,D20170721T190147_IFCB009.hdr,44.42228333333333,-67.0447
388,D20170721T190759_IFCB009.hdr,44.41804210526316,-67.09001578947368
389,D20170721T191411_IFCB009.hdr,44.41187,-67.13504
390,D20170721T192022_IFCB009.hdr,44.4065,-67.18066666666667
391,D20170721T192634_IFCB009.hdr,44.400724999999994,-67.2259
392,D20170721T193246_IFCB009.hdr,44.39523157894737,-67.27094736842105
393,D20170721T193857_IFCB009.hdr,44.38977142857143,-67.31512857142857
394,D20170721T194509_IFCB009.hdr,44.3837,-67.3586
395,D20170721T195121_IFCB009.hdr,44.378426315789476,-67.4022894736842
396,D20170721T195732_IFCB009.hdr,44.3732,-67.4452
397,D20170721T200344_IFCB009.hdr,44.36773,-67.487605
398,D20170721T200956_IFCB009.hdr,44.361765,-67.53038000000001
399,D20170721T201608_IFCB009.hdr,44.35628947368421,-67.57382105263159
400,D20170721T202220_IFCB009.hdr,44.35037,-67.617195
401,D20170721T202831_IFCB009.hdr,44.34578181818182,-67.65894545454546
402,D20170721T203443_IFCB009.hdr,44.340709090909094,-67.70022727272728
403,D20170721T204055_IFCB009.hdr,44.33473636363637,-67.74100909090909
404,D20170721T204707_IFCB009.hdr,44.32831818181818,-67.78209090909091
405,D20170721T205318_IFCB009.hdr,44.32243636363636,-67.82236363636363
406,D20170721T205930_IFCB009.hdr,44.31771818181818,-67.86325454545454
407,D20170721T210542_IFCB009.hdr,44.31295909090909,-67.90412727272728
408,D20170721T211154_IFCB009.hdr,44.308181818181815,-67.94511818181819
409,D20170721T211806_IFCB009.hdr,44.304913636363636,-67.98598636363636
410,D20170721T212418_IFCB009.hdr,44.29975454545455,-68.02707272727272
411,D20170721T213029_IFCB009.hdr,44.29477142857143,-68.06842857142857
412,D20170721T213641_IFCB009.hdr,44.288673913043475,-68.10916521739131
413,D20170721T214253_IFCB009.hdr,44.28308181818181,-68.15020909090909
414,D20170721T214906_IFCB009.hdr,44.278763636363635,-68.19177727272728
415,D20170721T215518_IFCB009.hdr,44.278118181818186,-68.23326363636363
416,D20170721T220130_IFCB009.hdr,44.27674285714286,-68.27544285714285
417,D20170721T220742_IFCB009.hdr,44.2734,-68.30772
418,D20170721T221354_IFCB009.hdr,44.27320152202779,-68.32100266354863
419,D20170721T222006_IFCB009.hdr,44.27321036881429,-68.321018145425
420,D20170722T112604_IFCB009.hdr,44.27433186547494,-68.32298076458115
421,D20170722T113219_IFCB009.hdr,44.27434078360649,-68.32299637131136
422,D20170722T113831_IFCB009.hdr,44.27434963039299,-68.32301185318774
423,D20170722T114443_IFCB009.hdr,44.27435847717949,-68.32302733506411
424,D20170722T115055_IFCB009.hdr,44.27436732396599,-68.32304281694049
425,D20170722T115707_IFCB009.hdr,44.27437617075249,-68.32305829881686
426,D20170722T120319_IFCB009.hdr,44.27438501753899,-68.32307378069324
427,D20170722T120930_IFCB009.hdr,44.27439384054381,-68.32308922095166
428,D20170722T121542_IFCB009.hdr,44.274028606208155,-68.31767352404138
429,D20170722T122154_IFCB009.hdr,44.27280596469872,-68.29980937309799
430,D20170722T122806_IFCB009.hdr,44.27158332318929,-68.28194522215459
431,D20170722T123418_IFCB009.hdr,44.270360681679854,-68.26408107121121
432,D20170722T124030_IFCB009.hdr,44.26913804017042,-68.24621692026781
433,D20170722T124642_IFCB009.hdr,44.27385909090909,-68.21112272727272
434,D20170722T125253_IFCB009.hdr,44.266527272727274,-68.17045454545455
435,D20170722T125905_IFCB009.hdr,44.25881818181818,-68.12963636363637
436,D20170722T130517_IFCB009.hdr,44.25262727272727,-68.08762727272727
437,D20170722T131129_IFCB009.hdr,44.246345454545455,-68.04557272727273
438,D20170722T131740_IFCB009.hdr,44.23878571428572,-68.00428571428571
439,D20170722T132352_IFCB009.hdr,44.23129047619047,-67.96334285714286
440,D20170722T133004_IFCB009.hdr,44.22309545454546,-67.92261818181818
441,D20170722T133616_IFCB009.hdr,44.21434090909091,-67.88203636363636
442,D20170722T134228_IFCB009.hdr,44.207013043478256,-67.84128260869565
443,D20170722T134839_IFCB009.hdr,44.19835454545454,-67.80068181818181
444,D20170722T135451_IFCB009.hdr,44.18805454545454,-67.76118181818181
445,D20170722T140103_IFCB009.hdr,44.175982608695655,-67.72289565217392
446,D20170722T140714_IFCB009.hdr,44.172813636363635,-67.68222727272727
447,D20170722T141326_IFCB009.hdr,44.17053809523809,-67.64175714285714
448,D20170722T141938_IFCB009.hdr,44.16785,-67.60040000000001
449,D20170722T142549_IFCB009.hdr,44.16339090909091,-67.55919090909092
450,D20170722T143201_IFCB009.hdr,44.15737619047619,-67.51731904761905
451,D20170722T143813_IFCB009.hdr,44.14974545454545,-67.47577272727273
452,D20170722T144424_IFCB009.hdr,44.1415,-67.4354
453,D20170722T145036_IFCB009.hdr,44.132175000000004,-67.39423000000001
454,D20170722T145648_IFCB009.hdr,44.12208181818182,-67.35362727272728
455,D20170722T150259_IFCB009.hdr,44.11800909090909,-67.32926363636363
456,D20170722T150911_IFCB009.hdr,44.10541818181819,-67.29047272727273
457,D20170722T151522_IFCB009.hdr,44.10020159325211,-67.2585343955014
458,D20170722T152134_IFCB009.hdr,44.0996786316776,-67.25818575445173
459,D20170722T152746_IFCB009.hdr,44.09915567010309,-67.25783711340206
460,D20170722T153357_IFCB009.hdr,44.091926086956526,-67.25057826086956
461,D20170722T154009_IFCB009.hdr,44.06905,-67.2212
462,D20170722T154621_IFCB009.hdr,44.04849523809524,-67.18848095238096
463,D20170722T155232_IFCB009.hdr,44.02820476190476,-67.15526666666666
464,D20170722T155844_IFCB009.hdr,44.022629942693406,-67.1504723495702
465,D20170722T160456_IFCB009.hdr,44.02172392550143,-67.15041905444126
466,D20170722T161107_IFCB009.hdr,44.010000000000005,-67.16781
467,D20170722T161719_IFCB009.hdr,43.99134545454545,-67.20205454545454
468,D20170722T162331_IFCB009.hdr,43.97436842105263,-67.2374
469,D20170722T162942_IFCB009.hdr,43.955905263157895,-67.27231052631578
470,D20170722T163554_IFCB009.hdr,43.936826315789475,-67.30755263157894
471,D20170722T164205_IFCB009.hdr,43.9177,-67.3413
472,D20170722T164817_IFCB009.hdr,43.898847619047615,-67.37588571428572
473,D20170722T165429_IFCB009.hdr,43.88012857142857,-67.4107
474,D20170722T170040_IFCB009.hdr,43.863814285714284,-67.44581428571429
475,D20170722T170652_IFCB009.hdr,43.86264482758621,-67.45653103448277
476,D20170722T171304_IFCB009.hdr,43.85932857142857,-67.49686190476191
477,D20170722T171915_IFCB009.hdr,43.85673636363636,-67.53834545454545
478,D20170722T172527_IFCB009.hdr,43.8573571682992,-67.54615378450579
479,D20170722T173138_IFCB009.hdr,43.85791878895815,-67.54621985752449
480,D20170722T173750_IFCB009.hdr,43.85848192341942,-67.54628610863757
481,D20170722T174402_IFCB009.hdr,43.878313636363636,-67.5645318181818
482,D20170722T175013_IFCB009.hdr,43.90347727272727,-67.58711363636363
483,D20170722T175625_IFCB009.hdr,43.92688181818182,-67.61286363636363
484,D20170722T181013_IFCB009.hdr,43.946182306163024,-67.63431272365806
485,D20170722T181638_IFCB009.hdr,43.94667982107356,-67.63373866799205
486,D20170722T182249_IFCB009.hdr,43.96322727272727,-67.65008636363636
487,D20170722T182901_IFCB009.hdr,43.987472727272724,-67.67475454545455
488,D20170722T183513_IFCB009.hdr,44.01061363636364,-67.70097272727273
489,D20170722T184124_IFCB009.hdr,44.03281818181818,-67.7274409090909
490,D20170722T184736_IFCB009.hdr,44.034993569131835,-67.72927749196143
491,D20170722T185348_IFCB009.hdr,44.03475434083601,-67.72844019292604
492,D20170722T185959_IFCB009.hdr,44.04086363636364,-67.73234545454545
493,D20170722T190611_IFCB009.hdr,44.06274545454546,-67.76080909090909
494,D20170722T191223_IFCB009.hdr,44.08602727272727,-67.78740909090908
495,D20170722T191835_IFCB009.hdr,44.110668181818184,-67.81056818181818
496,D20170722T192446_IFCB009.hdr,44.123035761589406,-67.82262384105961
497,D20170722T193058_IFCB009.hdr,44.123774834437086,-67.8231165562914
498,D20170722T193710_IFCB009.hdr,44.13372727272727,-67.83453636363636
499,D20170722T194322_IFCB009.hdr,44.158427272727266,-67.85814545454545
500,D20170722T194934_IFCB009.hdr,44.18381818181818,-67.88296363636363
501,D20170722T195545_IFCB009.hdr,44.20748636363636,-67.90882727272728
502,D20170722T200157_IFCB009.hdr,44.214386516853935,-67.91244943820224
503,D20170722T200809_IFCB009.hdr,44.21542191780822,-67.91151232876712
504,D20170722T201421_IFCB009.hdr,44.23115714285714,-67.93014285714285
505,D20170722T202033_IFCB009.hdr,44.254374999999996,-67.95734999999999
506,D20170722T202644_IFCB009.hdr,44.27925454545455,-67.9808909090909
507,D20170722T203256_IFCB009.hdr,44.302,-68.0083
508,D20170722T203908_IFCB009.hdr,44.300075,-68.00557857142857
509,D20170722T204520_IFCB009.hdr,44.30176285714286,-68.00744285714285
510,D20170722T205131_IFCB009.hdr,44.29740666666667,-68.04046
511,D20170722T205743_IFCB009.hdr,44.29135652173913,-68.0793956521739
512,D20170722T210355_IFCB009.hdr,44.286063636363636,-68.12147727272728
513,D20170722T211007_IFCB009.hdr,44.2799,-68.16325
514,D20170722T211618_IFCB009.hdr,44.274395652173915,-68.2052043478261
515,D20170722T212230_IFCB009.hdr,44.26807272727273,-68.24673636363636
516,D20170722T212842_IFCB009.hdr,44.270427272727275,-68.28479090909092
517,D20170722T213450_IFCB009.hdr,44.27385434782609,-68.31035
518,D20170724T132027_IFCB009.hdr,,
519,D20170724T132701_IFCB009.hdr,,
520,D20170724T133313_IFCB009.hdr,,
521,D20170724T134104_IFCB009.hdr,,
522,D20170724T134716_IFCB009.hdr,,
523,D20170724T135328_IFCB009.hdr,,
524,D20170724T140051_IFCB009.hdr,,
525,D20170724T140703_IFCB009.hdr,,
526,D20170724T141315_IFCB009.hdr,,
527,D20170724T142024_IFCB009.hdr,,
528,D20170724T142534_IFCB009.hdr,,
529,D20170724T144731_IFCB009.hdr,,
